is it rainy,rain
will it rain today,rain
how will the weather be,weather
how is the weather,weather
how’s gonna be the weather,weather
is it cloudy,weather
what’s the weather like,weather
is it sunny,weather
is it rainy outside,rain
how is today’s weather like,weather
will it drizzle,rain
is the weather fine,weather
will it rain,rain
will it rain tomorrow,rain
how is the weather in,weather
any chance of rain today,rain
what is the temperature ,temperature
is it raining in chennai,rain
how is the weather in ,weather
will it rain in,rain
get me today’s weather,weather
what is today’s min temperature ,temperature
what is today’s minimum temperature,temperature
what is the temperature ,temperature
can i expect any showers,rain
will there be any shower tomorrow,rain
how hot will it be today,temperature
will it drizzle today,rain
how cold will it be today,temperature
how high the temperature will go,temperature
how low the temperature will go,temperature
how much will the temperature dip today,temperature
how high the temperature will go in,temperature
is it too hot in,temperature
what is the current weather,weather
what is the current temperature,temperature
weather update,weather
possibility of rain ,rain
what is today’s max temperature ,temperature
what is today’s maximum temperature ,temperature
what is the weather like outside,weather
what is the status of weather day after tomorrow,weather
will it rain day after tomorrow,rain
give me the weather report of today,weather
give me the weather report of tomorrow,weather
tell me the status of weather on ,weather
possibility of rain on,rain
how hot is today?,temperature
weather report of,weather
will it rain in tomorrow,rain
what will be th weather of tomorrow?,weather
will it rain in,rain
give me the exact temperature of,temperature
weather in ,weather
probability of rain in  on ,rain
will it be sunny tomorrow,weather
is there any possibility of rain today,rain
is it rainy today,rain
how will be the weather tomorrow,weather
what will be the temperature tomorrow,temperature
how hot will be day after tomorrow?,temperature
tell me the correct weather of ,weather
what is the highest temperature in,temperature
what is the lowest temperature in,temperature
what will be the maximum temperature tomorrow?,temperature
what will be the minimum temperature tomorrow?,temperature
tell me the peak temperature of ,temperature
utmost temperature of ,temperature
minimal temperture of,temperature
coldest temperature in,temperature
hottest temperature in,temperature
coolest on monday,temperature
coolest temperature in,temperature
